sectionCenters,x,y,z
0,875.6439,1172.0051,20.2703
1,880.7705596910596,1164.5522634714034,25.18855321618682
2,882.9597428418543,1157.180154490046,30.107229180531398
3,886.6332,1151.1157,33.2237
4,879.0722531430032,1181.8186788100595,20.234565216082935
5,882.3679835261296,1191.5418502327425,18.382897918612993
6,886.4822,1200.342,18.8658
7,886.139,1157.6937,15.6058
8,883.0696,1182.61,9.3122
9,865.8764,1162.8074,19.1761
10,891.8227027624141,1146.8928687087168,35.445998462309284
11,898.5360390756891,1144.7277101484829,36.18073596748587
12,904.1743021640692,1147.5233872372119,38.1988481454019
13,905.8641799859406,1143.932167314476,43.39296658079883
14,908.429136008007,1138.63420646595,47.238528856911636
15,912.6356391036666,1133.9133937179065,50.06382815931038
16,917.5091402730275,1129.8815354183862,53.12320929252405
17,921.1374586237072,1124.2441116796842,55.02326143072561
18,924.7692152351835,1118.2752473877536,56.50836286723783
19,928.661112723714,1112.978023840009,59.13476225701412
20,932.6085997852445,1108.952345773327,62.909488644066386
21,935.9375863332419,1103.9298625407328,66.88091159363698
22,938.8568,1104.4382,71.96
23,889.2477623439796,1152.1666350953863,39.3897730538721
24,894.4358015210934,1153.5813012558676,42.30971502001256
25,898.5586008020528,1157.7509150090432,44.929405061991
26,898.3609928407571,1158.8717090344812,49.39413094954597
27,904.4128533684826,1159.8963220592623,52.90728093614659
28,910.1820642223543,1160.5514758341353,57.044622607291046
29,914.0017623456544,1160.7899846199837,63.148261368255554
30,916.5563015476921,1160.7544048483603,69.6248618042887
31,919.7188274265139,1165.9590759290902,73.42279427322129
32,916.1254649543116,1168.573596974708,76.52516663616534
33,912.292,1169.2481,82.32
34,889.134,1203.7626,19.145
35,887.6914,1208.0754,23.1916
36,895.9939997785432,1205.5929802013668,19.04569838922197
37,903.0397865757891,1205.195698040596,18.441865135727653
38,909.8697253399014,1205.4912696986669,18.222075777707513
39,916.7703705995808,1205.331740171733,19.39071117669159
40,923.5891615663434,1204.3698927857006,20.11076312620729
41,930.5574502393653,1204.5828625575093,19.30769271665635
42,937.3311464212182,1204.7702740695713,19.199230828409373
43,944.4013852423202,1204.8850729153685,19.593315683084313
44,951.1095490300034,1202.9559797705915,20.34229103431452
45,958.1104516377669,1202.1654408256009,20.800741761047703
46,964.9617555330971,1201.617361583539,22.54439484777513
47,971.8042466625138,1201.6210111762523,24.039913486209798
48,978.7350626520839,1201.5914544656985,24.927265108382052
49,985.6555789559076,1202.1702364852183,25.83265134368832
50,992.5195923112843,1203.8788153376474,26.142418372429756
51,999.3002832828578,1204.885022866728,27.661955968189293
52,1005.9031435804716,1206.4922064586128,28.15514010633082
53,1012.7806508727084,1207.1093006428773,28.25475323761443
54,1019.5216358081451,1206.1132012396797,28.97428780704903
55,1026.4469692612888,1206.3811749368292,29.285285830373674
56,1033.4808487788537,1207.1037598234223,29.329896737913522
57,1040.4201588402414,1208.6056733021255,29.605596380109297
58,1047.3317168302337,1209.9982492856261,30.54585597331562
59,1054.2247506927768,1211.0648772602417,31.650006629914746
60,1060.6682418875512,1211.042326601115,33.783704511265334
61,1067.0342318087353,1213.635814363836,35.46140614733997
62,1073.3809758849352,1215.7223556234048,37.78361949217816
63,1080.2277,1216.6554,38.0338
64,889.2838,1212.457,19.1562
65,1085.0826841659994,1220.5938587628254,32.36394695182787
66,1093.155416397066,1221.0040858671132,29.87684953228208
67,1101.8838148484433,1221.5834888841823,29.42918900628567
68,1108.0624,1226.6082,29.4946
69,1090.4358325879869,1214.2471097002126,36.810375265130865
70,1100.3061244081257,1209.4280990985235,36.03165744667571
71,1107.559,1201.486,36.0363
72,891.5226,1214.8022,19.1772
73,887.4181294857051,1219.4042753424194,18.277113662971637
74,885.1700646034185,1226.3115262191004,17.421736181726185
75,882.879772331642,1233.176816204794,16.71398432015137
76,882.8993843152732,1240.3462331784965,16.802949210205767
77,884.250322646064,1247.4556123128923,16.773387001529706
78,883.3761758981809,1254.4045703514225,16.351808439275956
79,881.2609151923645,1261.2874860997501,16.145101045555073
80,878.4721941958188,1267.8547271717887,15.098852811093106
81,876.4953558797577,1274.564449286915,14.570292274753227
82,875.7796077661762,1281.7236565312292,13.72134008769216
83,876.2096358384811,1288.5629037542365,12.018277503025052
84,880.1001018439084,1294.874049674498,11.35291251224145
85,882.4582692779068,1300.87005742099,9.72228576158842
86,876.8154,1303.8054,7.2932
87,890.8203857456406,1221.5173179765316,17.31970604441816
88,888.1109538772805,1227.6545361611275,15.296834186079447
89,887.1983947761862,1234.5311198908091,13.827299910152066
90,885.3328033649901,1241.3194574240047,12.870858499342203
91,881.0466318982324,1246.326210140495,12.192013019382719
92,878.0855396716611,1252.7737655120707,11.082394875972355
93,876.6349297101383,1259.7629201368034,10.231660975560642
94,873.8247894794907,1265.6736484205119,8.114648980800586
95,876.5018020724236,1272.1331967682565,6.288815205696095
96,878.7596341599902,1278.7701497641206,4.632453026511938
97,883.311,1284.3688,3.927
98,895.2361,1226.654,20.2205
99,899.0588754369501,1232.6228912748472,20.249518644227255
100,901.613084371668,1239.2995510062076,19.752844669348544
101,904.2283917497534,1245.7815805724395,19.998698374214477
102,906.5912592812157,1252.5429200760527,20.349604431367784
103,908.5991594649424,1259.2711110801545,21.089134625030113
104,911.0853260761518,1265.923500504145,21.434513097913495
105,912.5571788837358,1272.9272359172978,21.476838954926308
106,915.8689447002902,1279.2174983144243,22.165052488198537
107,919.7007385861618,1285.152751343821,22.28733806546707
108,921.6415872217863,1291.8117118327482,23.247023549511717
109,923.6499639479144,1298.1884004079254,25.192957625807168
110,925.8397924944934,1304.3091827713358,26.70038752623397
111,928.4892039391061,1310.4086197576103,28.13155166269665
112,932.7086249830359,1315.9329065039803,28.590077644780983
113,934.4236594304855,1322.6201184037882,30.008903780388003
114,938.9712,1327.5205,30.7938
115,899.066173330069,1231.6234995795717,23.305555955670112
116,903.1516471084228,1236.6704050796227,25.87186234528989
117,902.5468366324997,1242.7508848556113,27.736449141364915
118,906.0625748282862,1246.5274525492455,30.849471240939774
119,908.226937258459,1251.8545435639414,33.610136715811194
120,910.5334233273561,1256.9582292295065,36.452104232608406
121,917.0876127890468,1258.3283316831673,38.26702092176064
122,921.1529153826443,1261.6630893833078,40.86869865701889
123,926.2731631292695,1264.6282315936617,42.89484987014404
124,932.3856523036363,1267.8940799012526,44.22205140608832
125,939.048757723612,1268.5856167582162,46.05952487903206
126,943.8192981962831,1272.105495464133,48.80543018347066
127,949.3284121113286,1274.0514988527586,51.102913222622036
128,956.0419375000046,1275.3940227473759,52.83880763092911
129,961.5531203756647,1279.0243598896222,55.024654989882706
130,966.1394471163004,1282.7688643649255,57.2491583737044
131,969.6764529203945,1288.124916477239,58.856532720041365
132,975.0440065582264,1291.4400670508219,61.291355968230974
133,979.3582855574721,1296.0353028202394,64.13972441575251
134,983.7739540594523,1300.4712013578353,66.25624161376739
135,990.7082933940827,1301.9158735204728,67.08057426630589
136,992.8527826395232,1308.0834820845807,69.04651324468747
137,996.6347901839335,1313.806487358956,70.16792180222963
138,999.7903249649869,1319.9245695662319,69.81862501683875
139,999.6905774038278,1326.706731135101,69.82169335782244
140,994.8148811956728,1331.7314626245918,69.81924750064186
141,988.1573829304302,1333.918790428414,69.78240319103413
142,981.589455879291,1335.7990155987393,69.51109850977161
143,974.8535039505637,1333.6113245921033,69.56949961088041
144,967.8800867887435,1333.8374098682834,69.11493256448502
145,960.8639,1333.8582,68.6941
146,940.7495795715731,1334.143426895524,30.256900530629295
147,943.3655011966855,1340.4470068947676,29.986890184460222
148,943.4830090457593,1347.4754921389376,29.98775173428924
149,943.9361443721651,1354.4449013544177,29.396729797436038
150,945.0339555134581,1361.2757028748908,28.999367827333835
151,945.3473539316507,1368.0481290611058,28.131353455394038
152,946.0804114324224,1374.8166754749534,27.768323886664465
153,947.0133141770683,1381.4326985867167,27.130398740505512
154,946.9637687174361,1388.1432144696876,26.001246292466814
155,948.0599937851312,1394.861451919637,26.048315026591787
156,947.7289329537817,1401.5393960116278,25.02388826946024
157,945.7460936396184,1408.2061370262863,24.06560787988405
158,947.4762225368978,1414.7971807828199,23.154201757664858
159,946.9337491992393,1421.6197578413016,22.184008133994016
160,946.1009624195498,1428.2519785930717,20.600766579644265
161,945.8681271536756,1434.7936808347627,19.67871827669814
162,944.2032363337867,1441.0923611819455,17.662770434766898
163,944.3081322439451,1447.9097612150422,16.321347501007615
164,944.31370631184,1454.644690101453,15.762255148632855
165,945.043466455306,1461.5266680421466,15.922551935677694
166,947.4878258340539,1467.9153468579116,16.25442847756739
167,948.9412598007923,1474.7403574629254,16.168741684483496
168,951.0078542001145,1481.2652556906157,15.481660727445806
169,950.8028678753186,1487.9542732777466,13.960067123210534
170,953.1171172254582,1494.3293692279017,13.713785784244688
171,954.3911926309897,1501.0398718648937,13.717419885139904
172,957.2035037727113,1507.1242334264662,13.519251421175415
173,958.8189706239725,1513.7522807074513,13.684777309576598
174,960.6188611514156,1520.194959402458,12.870277651030403
175,962.4336558791198,1525.9352620264458,10.784756915168058
176,966.3446229449312,1530.9454405371878,9.207459539553996
177,967.2680531398072,1537.7238556400348,7.950768423829059
178,969.832315333528,1544.095343476562,6.887957534145339
179,970.1189,1550.9666,6.1712
180,942.8531924667088,1333.1966006154332,33.037194189917244
181,946.3319286129955,1336.7192790326321,35.808530789953636
182,949.8268883733693,1342.4126158803565,38.105364256024
183,953.9348122398586,1348.3010775699527,39.82862349443046
184,957.5406847416773,1354.789102980489,39.936137303985724
185,961.3469648060562,1361.1879245329342,40.498035740532465
186,966.3145085306694,1366.1570969501847,41.03121300229105
187,970.4683812029259,1372.1322044839217,41.401064722443834
188,972.30887841708,1379.3051771831338,40.629160003486376
189,975.4876726367723,1385.5793723880524,42.05192754165937
190,974.0833319907035,1391.748526936195,44.25857870334997
191,971.5018572575469,1398.6243193791327,44.642267215741875
192,973.5622464185076,1405.678821679027,44.89010267677008
193,975.5563378604107,1412.8962599657011,44.86019039428379
194,977.5114,1419.7498,45.1116
195,982.4704602141801,1423.7778948949658,43.89894386726153
196,986.4838909060882,1428.412584732621,42.30094267609252
197,991.4566715848734,1433.0864136918806,41.51238335859583
198,995.5788294216243,1438.5405958832546,41.26003282556848
199,996.8986509706496,1445.1563242363466,41.1295551189203
200,998.1629110208705,1451.8679745178538,41.40591133595803
201,997.6754255422419,1458.7123291990345,41.7442719380629
202,1001.8645554679058,1464.0817723995415,42.01525819435244
203,1006.066379554922,1469.4189409611208,41.25478645943767
204,1008.9311273676944,1475.5087941448835,40.34551690523479
205,1012.3496915798078,1481.2079893297123,39.28216050085397
206,1013.8792358534994,1487.4795209565773,37.41166777201449
207,1017.7874629607119,1492.5544755696371,36.88755197056223
208,1022.0076702300271,1497.6369652224582,36.192171827292384
209,1026.1803972217742,1502.7327711755997,35.30885012291495
210,1030.730916299964,1507.809573581374,35.059718659736724
211,1035.1623064381988,1512.7429987602927,35.171860005688934
212,1039.1369088630659,1517.9269174871347,34.54118351246573
213,1042.4686797956208,1523.55692060715,33.507383688500234
214,1046.9732451023244,1528.5318629110484,32.49636863706544
215,1050.7195009749703,1534.1809643316897,32.15389790755758
216,1053.2376677838436,1540.378207347871,31.972241171682867
217,1057.5813991163734,1545.391148821839,32.13562288768137
218,1061.781644092174,1550.6796755386604,31.82275588887697
219,1065.2845952945854,1556.3876740495982,30.19751251902265
220,1069.2614437120528,1561.2449938536479,29.357339022875713
221,1071.9015765449788,1567.2433450273968,29.964934112427084
222,1073.4877585800232,1573.8002810962548,29.793138874890783
223,1075.2183790561137,1580.296098120165,29.020758064136402
224,1077.8517878358398,1586.2202632899057,27.683140403990613
225,1079.8228728595088,1592.8243738208744,27.303348217969262
226,1083.4563441625198,1598.4096219818432,27.485573657850527
227,1086.2046906365874,1604.4803847412713,27.452112647437712
228,1089.80524280463,1610.054882412934,27.189222924077598
229,1093.3234116438682,1615.2501290471669,25.570585379264422
230,1095.0556607226854,1621.3778983081997,24.576324201940782
231,1097.878150260121,1626.2051649171408,21.701269123062144
232,1101.122805736918,1631.8966689656695,21.163892214440647
233,1102.1642216197783,1638.3356870612663,20.441204855262228
234,1104.9171404465276,1644.0493124456045,18.47265183778622
235,1107.9773244579833,1649.3074622678482,16.18281601015822
236,1110.0144324563523,1655.459426794796,14.357689552245894
237,1113.1690045938294,1661.423495030256,13.133180893988298
238,1117.4283,1666.5449,13.4644
239,976.7964071262787,1426.4515135227728,45.80976316863579
240,976.8796422274982,1433.1897772956563,45.9711866943146
241,975.6285580205889,1439.5615770530414,46.17278823650362
242,975.5961841529205,1446.2712292536075,45.70976415281769
243,975.1923405589747,1453.078619162569,45.444296956315085
244,976.39278694166,1459.7614687322032,45.4363387678854
245,975.6887417479276,1466.568315486946,45.38854598837906
246,974.4859966799675,1473.350608593949,45.038501172658485
247,975.0530178371406,1480.0673786421771,44.16518799216337
248,976.4738439003188,1486.7572897042583,43.71607438288941
249,978.5031149000255,1493.1892110236577,42.985873524650266
250,979.9129638645608,1499.7866462335517,42.86353963139358
251,982.1072063204439,1506.0922128259836,43.76431841720355
252,983.6707959332988,1512.7219747104157,43.9560513211093
253,986.1133903647162,1518.976654577865,43.76753652291266
254,989.1404631119229,1524.9521424911095,43.79424694147876
255,990.6332970890666,1531.2886219260165,43.89856411371124
256,993.708926745983,1537.443874733176,43.83245640763958
257,996.1013859044065,1543.7202556999077,44.39125765665082
258,997.8421947182628,1550.3044655991928,44.97180468439299
259,999.0420353605423,1557.077656102124,44.82099777179771
260,1001.1337273825609,1563.1825114460635,44.40166877514356
261,1003.1885739158071,1569.5518294388582,43.42616538246225
262,1003.9997590937475,1576.155142968152,42.65084478869472
263,1005.9895860236408,1582.5605801116678,42.64538707692471
264,1008.2529414063406,1588.9982298689504,42.69488284187283
265,1010.8284416370888,1595.068604879336,43.07316855766652
266,1015.9061397709877,1599.6646214063464,43.33873488366044
267,1020.8224503272678,1604.385444837606,43.8719427130436
268,1025.4957853459969,1609.3109842678548,44.451409716498475
269,1031.153836369155,1612.7868693279738,45.21961258711232
270,1034.0002894281902,1618.8837125805167,44.483827399918155
271,1036.836825642354,1624.9091868469066,44.08919705400483
272,1040.4787023508713,1630.5606088129316,44.36310286999339
273,1042.8841045515549,1636.8272658691817,44.619390036428904
274,1048.138833598313,1641.0522854928208,44.95579000954919
275,1053.3124195212602,1644.5261236397027,45.339311707228184
276,1054.6447750373718,1650.9807020329663,45.4614308749874
277,1058.4480004745928,1656.4916501184011,45.25792466413978
278,1063.0906226451643,1661.041203872228,44.776881781186134
279,1066.0932042200827,1667.0566157564976,44.17453482007824
280,1068.1478727036213,1673.3311751801564,42.70943614466886
281,1070.5093878219698,1679.527632144552,41.16506407502411
282,1072.2690755236868,1686.0120478972349,41.11518697062013
283,1075.2655108970866,1691.9118324472533,41.341344922576475
284,1075.230058220653,1698.6627180356425,40.93786404932074
285,1078.5998192932238,1704.4771477778443,40.811402156265466
286,1080.7759080255184,1710.8138182737557,39.86152311900104
287,1084.4601497474475,1716.1932786829539,37.80547740237407
288,1086.0719456051718,1722.2650017612361,36.84079361866902
289,1089.2865757287213,1728.03142854121,35.083072420122804
290,1093.0217368389415,1733.0119367863201,33.37439642215067
291,1095.9126683072416,1738.7155414087208,31.347063597981705
292,1099.5445334531805,1743.9537545672097,30.019669045410165
293,1100.1273757213405,1750.4759079531357,28.959317105275513
294,1102.1515558660049,1756.8785650714485,27.88337486048722
295,1100.3179794751525,1763.005371208566,26.64478526873953
296,1101.6086916518148,1769.038937495941,25.006263764676632
297,1101.8173425847958,1775.2883684384376,22.95477949379961
298,1101.2322870174137,1781.7139360342915,21.858259100732433
299,1102.1468065590852,1788.1906550939925,20.851822337826547
300,1103.5801683645975,1794.6160107947271,20.13253347780079
301,1102.2684462869827,1800.2968328572624,19.10913370563885
302,1103.5088253691763,1806.9523746434757,17.967380612857212
303,1105.3426109751626,1813.4906846379604,17.57220953127476
304,1105.8745845693195,1819.9781171664058,15.726025479317233
305,1106.7857,1826.6934,14.5866
306,886.1461740537873,1214.4701408145243,25.54123353714251
307,880.9299544371493,1217.5432709313754,28.283673100046965
308,877.8440862769055,1223.067538953376,30.28155696728075
309,875.1895142129716,1228.9042291424005,32.95656025220069
310,869.8409711851994,1231.9633103999904,36.02421216372197
311,865.0730575357253,1236.6415699405024,37.481000524091435
312,861.2154426458146,1241.263488203544,39.751100173747865
313,856.6301241135561,1246.2089297136579,40.10344016126048
314,852.6177972278922,1251.6540689023843,40.78145004315068
315,848.4427552942664,1257.0495916343964,41.660489204863886
316,843.6019758555245,1260.890397111112,41.85917007580043
317,839.1161110992462,1265.2769233706933,42.770139658309326
318,833.7150299447146,1269.1127834133524,43.75787399992725
319,830.2029186109173,1275.1539266673326,43.96276074802909
320,825.9660762361236,1280.4028955879644,44.29097397954167
321,821.743763067505,1285.3405768661219,46.252905037158676
322,817.5950835468054,1290.5326912160326,48.15827122865306
323,811.873321218446,1294.0405092162287,49.34741722030695
324,808.6231851549583,1299.4869578697953,50.824882757558456
325,804.7389974902612,1303.8087487760827,53.842100856483334
326,798.4468083360011,1303.6486087402927,55.9700458880082
327,793.397729304073,1300.2260241883496,54.37670513221538
328,790.2451308808197,1294.6961798311947,51.680927594563485
329,783.9335328665554,1294.9636066006808,49.25759781232752
330,777.047131755408,1296.2428016216115,48.480248333074115
331,770.1502217840061,1296.9153646806415,48.745114816186586
332,765.7982997354816,1291.9956645368227,50.26360839436899
333,764.3458444570026,1285.927506201832,52.42206544586569
334,758.3389143095759,1284.3584283782307,54.83774284205876
335,754.877797949611,1278.60923687557,55.16248734506285
336,750.1939220315993,1273.494118530636,55.44351051397446
337,743.5223148467594,1275.1725563329135,56.82598830200763
338,737.1276812067811,1278.1393130877332,57.371765725332665
339,731.6798431024644,1282.2428380178783,59.06069351873482
340,726.299060406588,1285.7266690209933,61.70910024764547
341,719.8532243011662,1286.4727132480914,64.40719511136703
342,719.131,1290.6036,69.44
343,893.7680734291691,1208.8721573710736,26.484159991181848
344,899.9537536339014,1209.848672443481,28.794484884924398
345,905.2496692866516,1213.2802831745012,31.71689809485309
346,910.0212200964755,1217.0624520599697,34.978174591236545
347,915.2340772424118,1221.5796677173905,36.16410512493383
348,922.0674363369795,1222.6182070796647,37.05840924459891
349,927.8853753272832,1224.3605148429544,39.600281102712
350,929.1551555576816,1229.4696869883667,43.770083899007226
351,932.0696382911312,1233.6633739051572,47.521493450201035
352,936.3505769153636,1237.124731543647,51.10358084594215
353,942.4382043826552,1236.460846684371,54.36729785945441
354,948.576520805099,1238.1734095471734,56.68281845283239
355,954.2819023338902,1240.6983741328206,59.26586485015684
356,960.3665896523528,1241.4925404058458,62.6378837108122
357,966.3072386941494,1240.7951172100115,65.23921903496019
358,972.9913364349394,1241.3594621230286,67.20905145313674
359,980.0238290557967,1241.4217862034986,68.3105914197734
360,987.1037671644456,1241.5402375234944,68.90042381654911
361,993.9327050113905,1241.34881365394,69.91526273939476
362,1000.1167881682536,1238.741167164701,72.41465459797858
363,1007.1215080212262,1238.6300389991711,73.18597469603951
364,1014.2133999565343,1239.1190171559506,73.21941098001271
365,1021.3792833478516,1239.2289951843927,73.40783657235652
366,1027.5991,1241.9378,74.3246
367,891.5768332454128,1153.2903415377573,13.820504421189112
368,896.9871312261843,1147.6850520406226,12.91221121359186
369,902.82328834336,1142.4316945122644,12.012950545277722
370,908.7531553077605,1137.2907406803938,11.015604912845848
371,915.3990871253977,1133.5271486151696,9.227398304657177
372,919.5367531310475,1127.5002706349267,7.644629860438684
373,925.5525896838215,1123.131036367697,6.571197366620514
374,931.4219,1117.966,5.6101
375,887.4603,1153.6439,15.4109
376,885.378348367266,1146.521011220739,15.27729908201215
377,883.4357945324527,1139.3800416558279,14.489050883926206
378,880.8806187028994,1132.3427353680509,13.613833762929124
379,877.4887239143255,1125.6460661198166,13.281757431141724
380,873.449698299579,1119.5345088432766,12.41886710991114
381,871.8723970563027,1112.138986830656,12.396561430191136
382,871.3997033338043,1104.6439560754113,12.384210085968283
383,870.8393886014701,1097.0992748547733,12.387144579340047
384,869.8910945241944,1089.7717328765998,12.369322935215116
385,868.121,1082.661,12.215
386,892.3158830784321,1149.1951600849159,16.92255007837924
387,898.4334266573017,1146.7285591819461,18.344034650478143
388,904.2965723291574,1144.3018869418875,21.0068874466671
389,910.3077310535116,1142.885572351522,23.409311931643284
390,916.3399399121811,1141.781256775184,25.327564249849786
391,923.0407622944869,1142.0037402199741,26.381153810571025
392,929.7666789342361,1142.1240199458744,28.051516080536114
393,936.0056568239114,1141.4642551357756,29.520196541225957
394,942.3636840436156,1140.1779466752764,30.403637885410888
395,949.0253619227701,1139.4180105013618,31.727720242192422
396,955.6702482767723,1139.0780582415655,32.740312382945795
397,962.4481178867776,1137.7227986762657,33.645250591421025
398,968.5640493571484,1134.7132093684681,34.86755179279496
399,975.1223209744539,1132.4969887430093,35.56817821841768
400,981.3156834963104,1129.579891703725,36.21470716036406
401,987.3558100068149,1126.638602239751,37.650829920518575
402,993.6004118502275,1124.9657659077784,39.09504006467883
403,999.2839286977501,1122.0741887491595,40.870669250051264
404,1005.6317796646474,1120.4743025881628,42.63950473093396
405,1012.0627978144706,1118.3839134324132,44.29967182976286
406,1017.6646017569949,1114.7300541031677,45.75710095504011
407,1023.4302811607623,1110.9000033331686,46.78409371344943
408,1030.00087875753,1112.4268078012967,45.831345305323616
409,1036.838250469359,1113.429518770033,44.46191580528926
410,1041.9106,1116.6767,42.6373
411,865.6771565487984,1076.4111611571998,11.398151933737745
412,863.422974078926,1069.6803855176965,11.540732488475294
413,860.3178474522743,1063.414103818989,11.259005956389636
414,857.066198218766,1057.104701680195,11.257038930272689
415,854.1980178596918,1050.7079731604929,11.22129400115768
416,851.2880100067267,1044.2938201664838,10.925236404612669
417,849.5663749934362,1037.5658157772432,10.067348698722848
418,849.9565984191913,1030.5558573548394,9.148733552491185
419,846.3480702449983,1024.5095377678756,8.554190404212893
420,841.5329351332532,1019.5617187591889,8.875479077537744
421,840.7958362818983,1012.8042642327518,10.119082553828797
422,842.6857326138504,1007.3209789949448,12.722087609219104
423,843.3798533756,1003.0149404361139,16.326507018557184
424,842.4724895394247,997.1115272462202,18.28531402603082
425,840.8653549317938,990.3746546838486,19.440540408333543
426,840.7940371043403,983.4562037609087,20.62665108790069
427,841.9631935874407,976.5274384416332,20.72713508440181
428,845.500382606568,970.9553755912644,19.21056773716857
429,845.4656416939974,964.1926073088397,19.274996445272766
430,845.1120717589605,957.1567512709001,20.12905248697765
431,845.2108336475267,950.5062102657547,21.09453228039368
432,843.0955997843407,943.8443509246179,21.155512692239494
433,841.1116292215055,937.372547034793,20.334265343832797
434,839.8368659155144,930.7208313913757,20.542006920249218
435,836.8338211692234,924.4756296614422,20.674265063274532
436,831.9746317952445,920.1796857566474,20.734676859160466
437,824.9877699965118,920.353184632088,19.68469161379186
438,818.5421432004792,918.7850583253539,18.15016050790818
439,811.8950822642423,919.6853318774941,17.95686440189102
440,805.2758271108455,921.3936425008744,17.48932492722208
441,798.6180834069705,920.505026056727,16.25278304783791
442,791.7236339806235,920.0850115128037,15.818481333809492
443,784.8290405463576,918.5845814829601,15.793597444603046
444,777.7923215938599,918.519495351882,15.774757953771921
445,771.2086098035891,915.985995502637,15.820106187594078
446,764.7777,918.1916,16.2694
447,868.9858,1080.7791,12.3875
448,881.900206215616,1190.2513477820023,5.976262608034793
449,882.1968347728312,1198.6795373275545,4.81741114869902
450,878.9082967455311,1206.9142959607523,4.696124071194485
451,875.5816650058847,1215.0423172608603,6.644966389895762
452,873.3296,1223.4394,7.5958
453,892.8051,1194.3246,5.6101
454,865.1970502959051,1228.697071131847,6.023194942165658
455,857.589054980054,1234.833536807124,5.289771830544938
456,851.8739,1242.9217,3.927
457,870.439175859716,1229.716907747204,8.832799523158153
458,867.9344694365293,1236.2738013716237,9.841578930362807
459,866.641549336909,1243.2582466020117,10.275662101616765
460,866.6515541904128,1250.3316777786836,10.356801494378246
461,863.9303941169684,1256.7354077428588,9.91100701624655
462,860.4876194788815,1262.861789064708,8.990386257541326
463,858.8050882207663,1269.7093711041941,9.01818312859337
464,856.7093351243675,1276.4489000416866,9.366549166689957
465,855.5602173019845,1283.2779786134265,10.545491685718988
466,855.2408942234766,1290.3814137137401,10.139752596361689
467,854.7457753314328,1297.443633864556,9.09089041789497
468,857.259461831704,1304.1203474320685,9.558316690843483
469,858.3906797391659,1311.1050551384697,9.83425222356616
470,858.1594174824179,1317.7027706381339,10.090325464685085
471,856.2208245189755,1324.361003413316,8.96698843406677
472,854.0444293883182,1331.1009091820147,8.779847484132315
473,853.8779591772503,1338.1415326455785,9.177000003625988
474,850.5598655153124,1344.3596803369794,10.182406713660624
475,848.1236354630527,1349.9159430769803,12.973100273889377
476,853.3548792205263,1349.0109118660766,15.902641082050591
477,859.1917215742711,1352.326515586703,16.39432346981448
478,862.9967999442767,1357.8201742131025,17.04270483076233
479,862.5045151502868,1364.3112679097603,18.854671930896277
480,857.3406159084512,1368.9329586971749,20.405417677725143
481,850.7251195287587,1370.1760806388422,21.82128450735778
482,845.2315908351976,1373.1478317732926,23.444727886029217
483,844.8737,1379.7098,24.6848
484,863.9763,1159.9588,19.1741
485,856.7785943327567,1163.1365351704194,14.657378469661888
486,847.1034,1161.0342,11.2204
487,863.815,1147.0087,17.4423
488,857.7678,1156.2294,19.4597
489,867.1459574862274,1139.5715927477765,18.102549227150366
490,871.0696750991909,1132.63602840769,17.594703892901386
491,875.3883604283692,1125.7425372509597,17.367154718926983
492,878.1400936147348,1118.260480703014,17.35614808044871
493,881.7122652150099,1110.9945743763553,17.277505079675898
494,885.7374152770245,1104.388771239461,16.548428793607233
495,889.6575061462974,1097.3693427230792,16.243532768264227
496,891.0362700754433,1089.4357140225738,16.269563523147912
497,893.1654,1082.3727,16.1638
498,859.7673091593457,1138.2281701750585,16.330901574673547
499,856.340785706912,1129.5906969299838,14.586005824137608
500,855.01821360291,1120.3955697775611,12.22730411422403
501,853.5498,1111.1638,10.64
502,898.9377980906752,1077.828564789232,15.647449771096145
503,905.3362777229046,1074.0123678993668,15.519205768398415
504,909.8521185700524,1068.3673421758112,15.669274662037626
505,913.3024077883838,1061.8018802626584,15.317735859836146
506,914.7473748035129,1054.5517743829828,14.179612774343829
507,916.673164533861,1047.2646898179314,13.929590153767482
508,919.0870736444484,1040.2693091703638,13.72759741174738
509,921.2581265975567,1033.3554018778684,13.471170794254999
510,923.5419346707012,1026.4015103723898,12.205871053170561
511,927.4225067518137,1020.4846786849735,10.342394410319322
512,930.5209984784902,1014.2910071138334,7.424446776721586
513,935.4339,1009.3375,6.1712
514,896.8013385668534,1075.8674620683753,16.474660052269083
515,900.7252077358232,1069.3159259453444,16.69911026491985
516,904.563834105752,1062.8320078435618,16.393713901203366
517,908.2232507865632,1056.2853720408352,16.730261292352594
518,911.5543584982395,1049.3625538594838,16.19461580032268
519,915.8335087170095,1043.3762647413278,15.61176728276392
520,917.5647319812742,1035.9510224936232,15.002191854090334
521,920.4470337044036,1029.1728312258463,13.750731910321903
522,924.567769137924,1022.9120470790222,12.547364931372043
523,927.1433327444697,1016.2865817892596,9.97045659563681
524,925.178,1009.5034,8.68
525,853.7729,1152.1682,21.4581
526,859.3248351823852,1151.2891588884386,23.990301855604713
527,860.3135649583674,1144.9239353383387,27.328425335251435
528,858.6632032323764,1139.5188405031263,30.745573183520122
529,859.7048389189806,1136.8841772219641,35.80992963728811
530,858.0601369131357,1131.685137528973,40.469580530505894
531,858.1889217980594,1131.1227939968844,44.55208218444614
532,862.6617576975161,1126.7798162986837,46.606728438326655
533,860.680623502447,1120.8842958244343,50.1771565550638
534,859.4571164497568,1114.8913500559563,53.746736776024036
535,858.1041572562821,1109.2076230267114,58.243529579114345
536,856.0314452715186,1103.8694631274968,62.94866726572181
537,857.1043351148597,1097.6725770125915,66.75315158617525
538,856.743200898414,1091.7131825411977,70.50579745806981
539,852.6598,1088.0733,75.1764
540,852.1381,1151.722,22.1892
541,855.8326520701007,1140.4656341778993,23.632409561322635
542,854.4902,1127.4314,25.4803
543,849.4658,1149.3082,24.5364
544,847.0088563708728,1147.971258364806,19.796395885614693
545,840.2471162169812,1144.9783877198793,18.224859924232927
546,834.8691462694889,1140.2649046599813,16.30180037390696
547,829.9303123804413,1135.1861962997968,13.619974173374908
548,825.2672793393313,1129.4350137175575,11.588339260511034
549,822.5820891262267,1122.4901980919396,9.419291294550954
550,817.8685,1116.8872,7.8543
551,846.3923370566512,1155.0966568265414,23.118424337662756
552,840.5246190361402,1158.2048807890433,24.07752284892646
553,834.4091166678053,1161.101203507164,24.879968645546267
554,828.9503535844342,1164.9081424930569,26.46950247695629
555,822.8526699773179,1167.4882267079877,27.98073379202177
556,818.5618549750175,1170.8088714149858,30.17706221887491
557,813.6033552145707,1173.8839417605604,32.52636103348104
558,806.8956196540363,1174.3291209815332,33.9941694240604
559,800.5332852970188,1174.0020706119087,35.59756646624407
560,793.9815745884617,1173.3263536047039,36.15544808596435
561,787.5438301722536,1171.5555039433843,36.14221057063776
562,780.9488382666657,1171.6903796018103,34.99179178819875
563,774.3670818939636,1172.7894072856063,34.92705377313057
564,768.1881275675688,1174.7568398601586,35.92448002379014
565,762.6972577194889,1175.7027144740896,38.9862049872346
566,756.2071848242099,1176.9240306703937,40.807286364237086
567,749.9832016535543,1179.4982395784928,41.07182309653929
568,744.2812692287354,1183.3643559001375,41.564367743823986
569,739.0413110703831,1187.5707864607898,42.419753844944154
570,735.1380173242693,1192.8899777284118,43.59103073998704
571,732.4994933667975,1198.4091926387628,45.292246157812244
572,727.6182957938449,1203.1038576371157,46.43536547660198
573,722.73528708901,1207.7761888599405,47.78944735238369
574,718.3302627076547,1212.4446696968118,49.857152131342545
575,713.4661068579444,1217.0572106943416,51.294000463737135
576,708.3329711530371,1221.4520294697206,52.63641983904644
577,702.8488778853432,1225.2591992635967,53.85900054410046
578,696.8549769898758,1228.5813993153708,53.906753719792725
579,690.5338118880256,1231.1067244504247,54.222365831133594
580,684.149298723284,1232.9992781876472,53.9465150257455
581,677.4160227168386,1231.5244371575711,53.670863644015
582,671.7197254487868,1227.6887056424796,53.85272991214526
583,666.7650094844469,1223.0171764165502,53.69525932758146
584,664.4562757956958,1216.60581395416,53.865187690312204
585,660.0358799831706,1211.7136964927854,55.67481435720404
586,656.1089735660075,1212.0477430188225,59.82580639254807
587,649.7559690139362,1213.7351844134748,61.59525415577896
588,644.7085191692435,1212.377863084665,64.77333719607469
589,638.5823567134829,1210.193027287233,65.92736119698738
590,632.1721,1208.5559,66.2001
591,858.08843727852,1121.356362157217,25.02991817220552
592,859.106388166837,1115.095053873862,24.645326073017515
593,861.7093413456253,1109.027221951684,24.209569270828197
594,865.1556562251045,1103.5588936625147,22.036589807808962
595,868.7761650961841,1097.806057874518,20.755863447733823
596,870.2679975832459,1091.2946500517444,20.72573035305408
597,873.003545254851,1084.8864755005802,20.843018811321755
598,873.2783256993331,1077.9726702749613,20.239120392558586
599,872.9420808694975,1071.5096658614511,20.198212519218018
600,871.1707914335892,1064.876176396395,20.19717884647058
601,873.4777614532802,1058.2385347650777,20.197408028329818
602,875.6423497393943,1051.598175757561,20.2008563946418
603,877.7218639520102,1045.0201004636224,20.242850826886666
604,880.1674271178539,1038.4918989139699,20.545750205400225
605,883.4667834850791,1032.363143633589,20.744178710421945
606,887.9286999734754,1027.18601346773,20.656082324871495
607,891.1795473218227,1021.4292585766202,20.130255537573245
608,892.7357253689376,1014.7530937985739,19.213159754543994
609,896.1514850659913,1009.2218512751635,17.299721446307334
610,900.4488090776135,1003.8503227291027,17.604007956680597
611,903.6214076036295,997.7148342808101,18.69937260955935
612,906.6575218482072,991.3991947902284,18.60984644644096
613,908.1598062114393,984.7042150574742,19.416344282754856
614,906.2664898189182,978.0093459013358,20.092975293682116
615,904.447559280561,971.2818595798642,20.14091814550932
616,906.7642228905888,964.8304140890297,19.71424578680826
617,908.5195694057036,958.3107640280491,19.823382186647724
618,902.993692620385,958.319009870484,17.86518223852263
619,901.0557261637517,954.0336726077553,15.26539684588937
620,901.4352869055539,948.613186583376,15.86089964003496
621,895.8443853263611,944.4428054140906,16.180682066018232
622,891.3893952105354,939.6226994207294,15.59521062232512
623,891.3018,932.6151,15.1474
624,851.709335007717,1121.2793828563354,26.831429523754938
625,850.3228257276468,1114.895766946379,27.73136399505941
626,851.3764477688477,1108.1643729616517,27.392844684784897
627,850.6689973995212,1102.2588066366943,24.598140792596965
628,848.4465100646852,1096.0229439765,23.363585968957764
629,844.1724567060214,1090.4985161317215,23.798331233553824
630,839.9016080062452,1085.9150557128949,24.97319908319657
631,837.7849637707566,1079.542462870123,26.048715118429044
632,835.1447222817092,1073.4172017114868,28.098322004090807
633,833.7565864265425,1066.9498710916564,29.555261479519235
634,833.1133390302718,1061.2880784741014,31.841092905984276
635,829.5319811911368,1057.4321353065636,35.09077439084178
636,828.9054339922047,1050.876832773859,36.99911062790501
637,826.6250214443303,1044.4179017720408,38.081834991293334
638,825.9311399350232,1037.9366616686928,38.932563810281486
639,820.5398333062336,1033.4557817104292,40.141756380993236
640,819.5570131952965,1026.9238969057235,40.97189157315354
641,817.2142305671965,1020.7608135812134,42.731110925172665
642,813.8892229985389,1014.6480271823585,43.39556993919439
643,810.6106887305751,1008.7522916386318,44.598340472993684
644,808.6690536773629,1002.2696794130434,46.05365358340091
645,804.7498355828558,996.7780782697157,47.52336042888256
646,800.3117525615295,991.5622813977486,49.07660779397732
647,798.078360632117,985.5479775957594,51.111623560107354
648,798.8554494899661,978.9424640910964,52.45591896291515
649,796.3107148209925,973.1153749390285,53.686285933609355
650,795.9127867122783,966.3306617229101,54.953116471908295
651,795.3995223240881,959.6103228236401,56.90613928182422
652,799.2642274670678,954.0024416379781,57.75633582092344
653,798.8413862376003,947.0392693264881,58.42854721547326
654,797.2427199004312,940.4831666740005,60.11947016841526
655,792.985530497411,936.6037362880793,63.10868215812573
656,788.2663640862645,933.1569614632447,66.40645738155364
657,782.801989544087,933.140087903893,69.85363501090474
658,785.173089113852,936.9383257398167,75.26017397894422
659,785.5951,941.8861,78.8292
660,846.1916,1146.3681,25.5844
661,849.5408648716485,1142.96709332141,26.81980646667914
662,850.0382212394522,1136.2657747947042,27.907549939744197
663,850.9047250777455,1129.5436371945298,29.406982306915914
664,850.6881917657977,1122.8747328942281,31.47434417884305
665,851.75770977319,1116.2307481122737,33.398285674100904
666,851.125373048547,1110.2585180854242,34.97941407323025
667,849.5073437969043,1104.6849130079604,36.99990719542394
668,851.1844238921112,1098.3293766410236,38.53388361321145
669,851.4602239864171,1092.403637663149,40.36146900470724
670,852.1056554437044,1085.5852679786353,42.0320634613068
671,855.4856473414255,1080.272838246539,43.76726432454047
672,858.4273082297049,1074.5935193198416,45.42510701933102
673,863.0829759738627,1070.1422573296109,46.20536856833223
674,868.1354122920129,1065.3560599149364,47.179936635413725
675,872.3040576433764,1060.3195700089148,49.286440520480966
676,876.7771570384616,1055.716700244089,51.74585766145296
677,879.9216318023936,1049.926733548461,53.540160148488745
678,882.3557685679897,1043.6141512602976,55.040262407377774
679,882.1397396987734,1036.7217588120975,56.4977143624366
680,883.5155787715372,1029.9276961685725,57.75452742990327
681,885.7169801628178,1023.351810321771,58.808494465734604
682,890.9382398692329,1019.4070976418511,60.070364005988395
683,896.102025628874,1014.816458212213,59.68729214205404
684,899.6897482054628,1008.8686514932047,60.50037897552743
685,904.4076847257153,1003.9183752411456,59.81314875237031
686,907.8098,999.975,55.5408
687,840.1195088095889,1143.6383350948195,23.91913453229295
688,834.0937625280064,1140.3037885824044,23.000824082623872
689,828.8549973350545,1135.6823000475881,22.69744260714646
690,823.0262563655123,1131.9155807993716,22.662309512875876
691,818.1753420910595,1127.1348523741433,22.564879314502633
692,813.6858600429258,1121.834031782235,22.468795238571758
693,810.4428522716214,1116.0827706734715,22.53075054677313
694,806.6110622328378,1110.277075293885,23.0682071810294
695,802.8793785887779,1104.6518923343958,23.5520004664135
696,798.6007217664163,1099.1458919351332,23.745757212677468
697,795.2423808806176,1093.1578392973945,23.059919409709725
698,790.1116138936915,1088.860428908963,21.36923409242067
699,785.4209889463076,1083.9060878249331,20.685940149698443
700,783.0778592019233,1077.6825650568762,20.26758985748899
701,781.1509712458459,1070.976810465963,20.25673394937831
702,776.6822739353851,1065.7586612850703,20.172387992338216
703,772.6908037996943,1060.622360772729,19.535226578079016
704,768.7217565136044,1055.5905887715746,18.524119860946634
705,763.6594403120896,1051.0103194012822,17.507489059972777
706,758.2512434735656,1047.3624153873086,16.414172542258697
707,751.5579193506474,1047.4526607514388,15.167945161219048
708,744.8109571264794,1046.091260704507,14.563113146123957
709,738.8325733634363,1042.9449182628816,13.988120052069672
710,733.1849761797341,1039.0216003275013,13.068995230297043
711,727.5436367971959,1035.3865233413235,12.153712433307625
712,725.2049744760033,1028.9151646856922,10.992429212392897
713,721.251174440934,1023.3262011742021,10.006335765612416
714,717.1743385764813,1017.9990036133719,9.013918774625553
715,715.151,1012.114,6.7567
716,842.0812,1144.5949,27.9252
717,836.076655394396,1141.8635236248842,27.03329891635262
718,830.2945316776879,1138.4350830419328,25.500866898388942
719,824.0531811684051,1135.781793527177,24.276805622378276
720,818.4356321297792,1132.7956972116376,22.199634843118282
721,811.4938312396687,1132.3582311757555,21.60518602977224
722,804.6073585826507,1132.5964829830716,21.23812509989194
723,798.3118298279971,1135.2615785926962,20.372372009084327
724,791.5580007547497,1135.8957006188973,19.217798424496042
725,784.6010829362408,1136.165379387113,19.556977628588704
726,777.8770181658449,1135.12092553443,19.561316498175707
727,771.4175447554991,1136.11809494642,18.641571683787415
728,764.9499812774645,1135.3454727083815,19.01169382570409
729,758.3129820910325,1135.9682616941675,19.15980056674315
730,751.5599344442243,1136.7830679409708,19.29842855967567
731,745.2163307493468,1134.7413882524734,20.30433798591058
732,738.8847483173963,1134.4086205627787,22.744524375179353
733,732.3709289504852,1133.9285751485584,23.612031617239133
734,726.0809916101601,1132.856592923768,23.624794968367286
735,719.5116390110463,1132.5761084832134,23.501376936714045
736,713.7103220770222,1135.2940735817826,22.63112336430567
737,707.6422898524089,1137.8744574724947,22.172069847308403
738,701.5326216871642,1139.4972236016306,20.495660655449658
739,694.9573414947089,1139.7266548233874,20.166607849700284
740,689.7826989154479,1142.355215969609,19.456327874090068
741,687.0019045742878,1147.3854101224777,16.262560563209238
742,680.7710471327648,1149.583757728496,15.731134112729501
743,676.4937971709176,1144.8508521110216,15.445902867860179
744,672.2262134855778,1140.6568693723777,13.250034255387929
745,666.1906592843562,1139.4448629437627,12.738050898606609
746,659.4011113366714,1140.0988424764284,11.83109654541254
747,652.6455170003352,1139.9582265020047,11.231924294524681
748,647.1896448299166,1143.4458355709587,10.963597309566827
749,640.8722,1143.3639,9.009
750,834.3867,1137.0937,28.7412
751,836.0306,1149.4454,30.847
752,827.3183328895714,1134.9800996129452,34.21913583851379
753,819.7167381768036,1129.7172901866434,36.71428483459187
754,814.6802,1121.1841,40.1895
755,833.1317,1135.746,29.7895
756,807.7384938946449,1123.7545974386526,44.11814426174452
757,800.2807060493419,1126.7557720102218,46.524047582541584
758,792.1128945452515,1128.3388763496273,48.11931607386731
759,783.473,1129.6439,49.3447
760,806.1331913791034,1116.901138903538,45.947311108256706
761,798.5006,1108.5909,45.1525
762,777.6672586083279,1132.7004449702563,51.02154190780341
763,773.604087957748,1135.2341100656674,53.897994691342376
764,769.2696023734297,1136.6920183672837,57.12428342053006
765,765.5710910718783,1140.247547068293,60.055758901002164
766,759.6620058974416,1142.8823120316351,61.95192418432044
767,754.4967214781182,1146.8504221461963,64.20515036489829
768,749.536339275093,1150.1544703649213,66.2046877943141
769,743.3809464578228,1153.005674306102,68.28619696070389
770,739.0052696097592,1157.7060213801526,70.05937063608557
771,735.9184958635126,1163.585653457198,72.1062240491025
772,731.7112162831671,1167.9450616519453,74.39219719528474
773,726.0369999806686,1170.5606856486684,77.67304149265875
774,721.0578671609733,1175.054101967096,79.80689547689701
775,718.1856248237455,1181.1833048875717,81.69412070053801
776,714.3602715927278,1186.8218022958606,83.10812767061857
777,710.2856900140982,1188.439901239063,86.74851433955276
778,704.458274594427,1190.0479963947414,90.31013067295494
779,699.2804018152591,1193.184855869455,93.4982710152434
780,694.4078866205066,1196.2682277548531,96.00432853282321
781,692.3412822786582,1200.3591804560365,100.16096999993985
782,694.0980333784314,1203.0374885492338,105.46942263191018
783,690.351215260392,1204.0266258745262,109.50872498175595
784,687.7897103509116,1208.5176466396988,113.93914414708225
785,684.8737492269504,1213.0926461247464,117.85647080961768
786,682.5167182659711,1216.6211016562725,122.6867644141474
787,676.7905291033379,1219.045828807738,125.84602232712358
788,674.0665707777329,1223.306293645211,130.71391467370057
789,672.1572,1227.0773,135.1358
790,778.3364425263187,1124.5721666111813,49.813853955864325
791,775.4971710859417,1117.9601000987957,50.53981923001177
792,772.1514057789677,1111.641974381976,51.8703753921457
793,769.9604509623988,1105.1768254625526,54.27594766026583
794,767.8920202921728,1098.3813985976535,56.050262333438006
795,768.1374326376483,1093.113647954524,58.57592338840452
796,764.8445375420388,1086.5560294000113,59.46182058652755
797,762.4315877276871,1079.7000078552005,60.06621332947099
798,762.4428792379356,1073.9178442185896,62.69669228919985
799,766.5156978617663,1075.200076656951,65.87247395529147
800,770.5068763677085,1073.0447727358599,69.13642673968883
801,775.5965,1076.3107,72.0723
802,791.4837267933661,1109.5586185513416,46.053475453267396
803,784.3723137181313,1109.7745883916061,46.775448440705794
804,778.2918183155449,1107.052376478218,48.71797562773537
805,771.7941083811389,1104.9060438544948,50.906765466971905
806,765.8124932462767,1103.3759046528182,53.665263812263966
807,760.0287498308621,1102.6966099251333,55.24555735551391
808,753.9865103712418,1099.8486770448105,56.71225212647452
809,747.5363255692569,1098.7921626489638,59.29319939703616
810,740.8750473297297,1097.129833317033,61.15514737178424
811,734.842133944221,1095.57278046866,62.819874289537026
812,728.8244234238392,1093.6965733715376,64.57807509885028
813,722.5222275663021,1092.43657439803,67.26151112522982
814,715.4214128682631,1092.201724580717,68.41249351590571
815,709.1210389528027,1094.0669165444087,70.99722986625467
816,705.4275566251117,1090.3041878354134,75.29934045874464
817,707.6455115484232,1086.6281069578395,80.1001708462626
818,703.9036729272605,1084.6557521270868,84.59063702296746
819,700.241812330487,1081.8538740094966,87.80574429133972
820,696.7349848146368,1076.4811912036525,90.0720051073517
821,692.64802781696,1073.793991729606,92.25635078890346
822,688.7877891473513,1068.6841542171467,94.50086778441641
823,683.0842579194331,1064.8873456363947,96.35810518749136
824,679.7243645565162,1060.0544903595196,99.07263024412357
825,675.7849131931658,1056.7395273705993,103.25965406671133
826,672.4797028969632,1053.0896714478524,108.29746949998312
827,666.987474465034,1052.8223853842305,112.71102232569703
828,660.9020165642661,1051.5969513081757,116.12069491419777
829,654.543620995309,1052.199280169033,119.2834143678578
830,652.1315,1055.5802,124.5426
831,796.5935,1105.6932,44.9697
832,650.5110730299456,1048.176275443334,127.88441412623172
833,649.8463017198293,1039.3149049377057,127.00391431083065
834,651.4078838696819,1030.3457790234306,127.07581974165872
835,656.280492776654,1023.0021174746606,128.5218732780711
836,662.2959,1017.4553,131.6322
837,653.2615670026521,1056.51172297829,134.54098539169576
838,658.1455,1057.1818,143.6207
839,790.5775383097566,1099.9830146462432,46.02097377705191
840,786.3501801361077,1092.8833203913844,47.290732926971046
841,780.2084796159685,1087.24918835814,48.559373637683876
842,776.3864862964309,1080.782219458594,50.424492341310945
843,772.025,1073.811,51.5127
844,802.3310314276832,1105.861945011598,46.7776228231971
845,807.7542596313168,1102.2460759661185,47.82410903900892
846,813.2766428975482,1102.8936808535939,49.19045001317511
847,819.2260619566028,1100.117862397327,50.80924243720346
848,825.3341450148997,1098.7645986292296,51.71611945775792
849,829.7474163396149,1098.037455190028,55.193393069777805
850,835.7274955540231,1094.8777761996682,56.06419570764086
851,840.3328816765753,1096.683191488702,56.74264945242475
852,841.3382367792324,1103.5157858936213,57.23718536156128
853,845.0751223224847,1109.0631171062344,58.16504758341473
854,849.6784463114177,1114.0416772230863,59.66859346972291
855,851.1459263523626,1120.6112345393508,59.76250957177806
856,854.0971400219764,1126.6904221927887,59.23580615654321
857,855.412906053755,1133.2145092638852,59.47857311198938
858,857.3529733850507,1139.4950167177158,60.35057702058466
859,860.61469463615,1145.5132567100493,60.77211333529439
860,863.4363776884121,1151.798114911271,61.05904023993424
861,867.3286708275355,1157.4182343036036,60.80227225093457
862,868.4410447940742,1164.2343109162339,60.75519406499072
863,870.9694357339799,1170.6481989805372,60.337818091095265
864,871.6412004856035,1177.4036519169044,59.323586871563656
865,869.3535224440639,1183.6240816187199,57.642297802447885
866,869.0920785371318,1190.3398598819829,57.23481718612681
867,872.566560099707,1196.2624201625672,57.23774936847652
868,875.1922114761533,1202.2807273158421,55.89736176910117
869,879.0983364012295,1206.8667839183922,53.045197744226485
870,882.1981813584122,1212.2709749805647,50.614974735655146
871,887.6815640101006,1215.595788414513,49.08509374526057
872,891.1158494939519,1220.9857885445263,46.69126885335299
873,892.9996064860367,1227.4445377275522,45.39552450159421
874,898.1773258341389,1231.4147168470352,45.31631282075023
875,902.8592013555005,1236.3046786537188,44.812879151874995
876,907.1772000702927,1240.818032234926,42.521938555774895
877,912.6806418182127,1244.7795626141437,41.22408602490136
878,916.7321697696169,1249.8458713687655,39.03290031943544
879,922.5137467827014,1253.4011627156106,38.22061301270467
880,927.3611929408413,1258.268203434925,37.71149224412221
881,932.8595201114622,1262.3944993629282,36.78261769664216
882,938.7024394795237,1265.58235971055,35.92643042874465
883,943.5642361578696,1270.2789427108457,35.075675041331756
884,948.8223601793796,1273.5831541018397,32.82824312093026
885,955.0304897567923,1275.7102445480753,30.885092933306716
886,958.4463692178422,1281.3719352954772,30.218363575654912
887,962.4598930793653,1286.9212846426728,29.962150422785125
888,967.6511517219055,1291.094029248631,29.03344838476968
889,971.6979924241077,1296.6305502025696,28.195493050143813
890,976.2902055274292,1301.801789509114,28.062919381127045
891,980.1108608733597,1307.177589716016,27.42373392492724
892,984.3628,1311.9506,27.0273
893,774.0897799850834,1068.9769147433622,51.88584504048019
894,776.0660503585347,1063.0937158260738,54.51301642233484
895,775.4615581607626,1057.8081077290506,57.44795029858077
896,777.0431471017673,1052.447349062736,60.106478138311296
897,781.303612736321,1048.0909896448986,62.13159268649635
898,787.1427319130097,1045.052457065689,64.01265166776506
899,791.9267670480357,1040.834267815792,65.79127862210845
900,796.5993780427298,1036.4535837845708,68.47583775056157
901,800.784633720418,1031.518835490295,70.02130774270877
902,806.173647136995,1027.5018774646167,71.8815609987053
903,810.8256086941951,1023.127741354241,74.36825338115813
904,814.1294663177868,1017.8289196267517,77.30449614823644
905,814.1071128554433,1011.7835411702529,80.26606556941151
906,817.0899285292708,1006.1816363187287,82.17996294366849
907,817.7074921723085,999.4903206499138,84.2058390428478
908,816.9129206163694,992.773176866987,85.34674751509556
909,816.8502070704851,985.9159145240058,86.30246047471361
910,816.0398031235701,980.02400193877,88.23820516351587
911,813.980713802208,974.1164439619678,90.90855490110798
912,815.3767005625992,969.0424119995214,95.56445882493759
913,816.345203825421,963.7430744804477,100.02344903367033
914,814.3508736328234,957.6537622566433,102.96402545455116
915,813.7083096835535,951.4622923993356,106.21235460959515
916,815.3485499337792,946.3536023527473,109.0347961981813
917,816.6124332661915,939.8124374937433,109.3475637580047
918,820.7457732265409,934.2192443214213,110.17060383386648
919,821.5110550632445,927.603019261509,112.3889330295743
920,824.358620099658,921.9022104102938,114.83925728449088
921,827.613204711435,916.1980455313576,116.15775875690446
922,831.2953763305317,910.4785533918897,117.20778488359213
923,831.3680855081409,903.596929649792,118.92089780264833
924,833.2616381445929,897.2152624517287,120.83537310964128
925,836.2812926083951,891.7175146412372,123.09989489061157
926,836.5135215694517,886.195879462653,127.5701543405481
927,836.1441780127948,879.6888151490967,129.74806006351437
928,836.1116972329015,872.7814695328715,131.07272241918565
929,836.9367,868.3772,136.262
930,762.4611,1058.1954,53.0463
931,758.5965168402614,1051.000569629771,54.80381932265253
932,754.9351659895399,1043.6315880554525,55.730674082702066
933,750.8507893726764,1036.5110182016444,56.94977463103522
934,747.5050499849046,1028.9707176102763,57.885225891359966
935,742.7844370338797,1022.3053789852472,59.49304641555361
936,738.3585853643413,1016.083721626957,61.16384717087251
937,733.200956349418,1010.0207865825138,62.19477530704977
938,727.9707,1004.3325,63.2316
939,757.0762281182264,1058.613908912996,56.31313214606948
940,752.979638090736,1054.057043181555,58.62547256912071
941,746.7040421629938,1052.9457061138282,60.31318011645282
942,740.5331790492617,1050.1137719276187,61.400678863554454
943,734.3612903300727,1047.1231809737064,62.24602312959766
944,728.5694082905545,1043.897951324175,63.88112057977592
945,722.1842469115815,1041.9015845844751,65.12080325549354
946,716.0518869084008,1039.402945248542,66.60075766286221
947,710.5277526385978,1036.0955282373072,68.15499120554358
948,705.8515810488552,1031.4770459870576,69.81538684186539
949,700.8173205393576,1027.1547553013838,71.01435850443833
950,695.4314104528523,1023.1873068397286,72.22671028766547
951,689.9982021154063,1019.132470284034,73.35269503699075
952,684.858195230589,1014.706043529855,74.4479717806744
953,679.2638935908809,1011.0016361922145,75.40266379056683
954,672.9405506690503,1008.1084559428602,75.83437745214076
955,667.0343127140313,1005.533742910142,76.93831645211627
956,660.8042649754883,1003.731223110746,77.84262822551682
957,654.3702749676735,1002.8612405522546,79.51645391047205
958,648.2734003277396,999.9764237693456,80.36633440084599
959,641.9002338125331,997.6551590529552,81.56475571302883
960,635.79814420693,994.546856467933,82.78993332116012
961,630.0271258106047,990.9352279391421,82.34829411717732
962,624.3243365883789,987.1128271266152,82.2085554644764
963,618.5600907489901,983.375071379349,82.21027669468957
964,612.625803758961,979.7824158801054,82.22529163965653
965,606.6540741534266,976.4683400097801,82.34596338591366
966,600.2606065098767,974.4511729259576,83.18097493523145
967,593.4386684289399,973.3968882258444,83.98076848486309
968,586.8859141533298,971.3118308294057,84.95434356736898
969,581.8025314998276,967.1641792333231,86.8847795455882
970,576.4939583134461,964.3026697760358,89.03411316141738
971,570.8784301947703,961.2137928697441,91.61922968827857
972,565.2259864519904,957.879286516358,93.81062043229313
973,560.4749273459815,953.0553805820764,95.44648635653145
974,556.1710036486564,947.6303798071901,96.36710937051755
975,551.087821430637,942.90912695736,96.51876758117514
976,546.8227600673704,937.6841558618727,95.62749051559726
977,543.9174330540469,931.4525061425855,94.82929909457131
978,546.2422565653081,925.2580273981966,93.57511753109323
979,548.4549070624622,918.6707859674134,93.90085560490263
980,549.0423114185439,912.066372594351,95.35744972398462
981,549.2404856027482,905.1692103931039,94.77953255609589
982,546.0255773541282,899.9371537103141,93.73075985386272
983,539.2656076140462,900.8915519799349,94.99597905999899
984,532.4535388359417,900.0084680721671,95.49469203130438
985,525.947055864619,897.7684721637613,94.58297884236154
986,520.1574,894.036,93.69
987,721.3572,993.0915,64.1931
988,721.1531980398171,1004.3844569856599,64.29408499295857
989,714.8327348991027,1006.6302914258602,64.60830828510946
990,708.8087132786027,1009.536184132176,65.10601737920136
991,702.0759712267785,1008.7106520843473,65.99982754050467
992,695.6978835610792,1006.632000200695,67.60243639416272
993,690.4289814532785,1002.4604781570595,68.53919635462779
994,684.2566382060792,999.979337440069,70.45070680492661
995,678.2698919299872,999.0336462263738,72.5975313695066
996,673.2642217371049,995.1716125787677,74.78859397421189
997,668.4151669663357,991.1786562430669,77.17204143792303
998,662.9886335820705,987.8806930335194,79.40179700819648
999,658.1689283953126,983.7421571122438,81.45979466192748
1000,652.4623271427558,980.9030423747929,83.5678037538617
1001,645.8044880462435,980.7778151894139,85.35234041514741
1002,639.4109979033071,979.9211596611781,87.47201904397234
1003,632.7602191160867,978.7337972344247,88.52817283158419
1004,626.1716284714014,977.382888334157,90.0409813055415
1005,619.4036042303284,977.3633064568336,91.61730643948658
1006,612.7335465966083,976.7665307054076,92.9337977950774
1007,606.2366560546143,974.9078933649625,94.18170430945747
1008,600.3199351107654,974.8477823840034,97.68527270643933
1009,593.9720616236035,973.052624429622,99.46837903953703
1010,588.0306589201572,970.0000234355713,100.73742148177104
1011,581.3437245564728,969.2443713592965,101.9889439832532
1012,575.2253763199744,966.5643809123122,103.50234581546128
1013,569.0000547261499,964.0667315312602,104.97905677671223
1014,563.3727666297815,960.3868282789705,106.50244336911989
1015,556.8714285135994,958.7737400922981,108.21796447200805
1016,550.7545866806867,956.8965813480954,110.72244206637853
1017,544.1808705523204,956.9686404835272,112.80375196166993
1018,537.5286854196169,956.0231918964068,114.16559816890842
1019,531.4043159677318,953.4436226521169,116.13452202099676
1020,524.7192270756943,952.1121471812446,117.08096064137871
1021,517.8114443763358,951.901189485882,117.1022775565476
1022,510.93217218262487,952.4404873567474,117.1075184915792
1023,504.1489897349262,951.8539135420283,117.05836767586773
1024,498.64128609762076,947.8391458390041,116.66749827198907
1025,497.0378852283878,941.5062484700082,114.47340325999427
1026,495.7420726832013,935.2353412096287,111.98737438388372
1027,491.58629792720336,930.5099716609568,110.38271548030706
1028,486.0308976493123,926.4080191525069,110.34438032395515
1029,480.7731522723869,921.8326665047719,110.22580446380859
1030,478.8675282859658,915.6019516041932,110.64013635982715
1031,475.2416,911.4065,113.7394
1032,716.1525354206306,987.6627064653645,64.22853473587217
1033,711.307976755751,982.0598936786888,64.56015910872743
1034,705.9777313801316,976.8090483715303,64.9724683569109
1035,700.0890326299536,972.4838547255913,65.2461858954091
1036,694.5166667175115,967.3756975433641,65.59453470338632
1037,689.3225769671986,962.435943044103,66.43807227906646
1038,685.1810913996346,956.4056879087092,66.49859955027235
1039,680.284970012491,950.8322379119002,66.99958321740945
1040,676.4366076006928,944.4835038795044,66.4904743010565
1041,673.0032773228062,937.8322741092425,66.49137691814992
1042,669.6706008756224,931.062216621649,66.72459810983091
1043,664.839,925.5463,67.0743
1044,723.2511689080084,986.8766531366023,63.07889832973242
1045,725.6089472229113,980.4109958376534,63.07685311327891
1046,728.5994028657418,974.3483966803402,63.10685407771952
1047,732.1062940207568,968.7751465403713,63.394903689487705
1048,734.6183447893748,962.4742774022461,64.17655621287241
1049,737.8554907630328,956.5479707363111,64.29904978132795
1050,741.309117521145,951.1658291642262,65.0384508254279
1051,744.9364052631036,945.5747748698616,65.33270088455906
1052,746.5193806683981,938.8744604023636,65.43661758937994
1053,748.5906809627561,932.5095346195643,66.20016526767633
1054,746.7327835572241,926.1172208507992,67.22791010568564
1055,745.8342743459855,919.571704206582,68.31739126086653
1056,744.1474143418004,912.9466218040188,68.69731209606009
1057,742.0206794002785,906.4074718791165,68.74752980199582
1058,738.7649951109155,900.6084971685455,69.1535240690787
1059,740.6069237229274,894.0497618593216,69.08048908337342
1060,740.7405093473783,887.3135196747722,69.41086862291289
1061,738.6460909995643,880.7388422368607,69.58238343416069
1062,737.1578759429632,874.1842192126345,68.98645553168893
1063,736.2013857830322,867.5140067052681,70.23817299382384
1064,735.1692831405321,860.8256806105325,71.27670373834424
1065,733.8173527803394,854.4040712207474,72.688262175053
1066,728.749190754939,849.9936163357816,73.85128308751409
1067,724.2763592004111,844.8581305358018,74.8476667771823
1068,719.888557532161,839.5798446733718,75.49807496909398
1069,715.1454309885343,834.7875695326567,75.7715993767822
1070,710.6483734533665,830.0477986276701,77.28080044479125
1071,705.0184361810872,826.380571597133,78.36681790635426
1072,700.7468514715497,821.2492807000403,79.29152952066397
1073,698.0676848884154,815.022664250281,80.2501016048439
1074,695.9491875312218,808.5941519345689,80.52553014854375
1075,694.1030719940281,802.0912632040811,80.95508689600351
1076,693.5174525853394,795.3099906554282,81.22921679135021
1077,695.111844641085,788.9162633773768,82.2202708817874
1078,698.1925671280445,783.2616443158316,84.36196792945611
1079,699.6851104477016,777.005401295208,85.80840718913676
1080,700.3926151288508,770.3154525581214,86.76969564341383
1081,701.8764151067263,763.7161980949236,87.27456557559772
1082,702.0145596992892,756.9973266685442,88.84117586715476
1083,701.4596920659887,750.2011949283573,88.9453453674725
1084,702.1813813146719,743.36123958434,88.8144040942996
1085,700.0814516383551,737.130656253729,87.92201090928252
1086,698.0583620410326,730.6428651262429,87.49018529318538
1087,698.1807163161569,723.9479004511933,86.93346535241278
1088,697.7335651708727,717.2167161656251,85.52195528525644
1089,695.762926012877,710.8187001862241,84.53150000069553
1090,693.2042412874754,704.4899789416446,84.79527006028579
1091,688.0649807149147,700.5238738593459,86.62026711620783
1092,684.9387892176363,695.4662590372183,88.59322959229176
1093,688.52918915371,689.9776789457915,90.1530286996057
1094,693.833605089164,686.711744852827,91.84061699374422
1095,700.2934316386251,684.87512211312,92.93744088442632
1096,704.3011381061067,679.8006478732979,94.15076871396276
1097,705.1638457703934,673.2510800166771,95.64545536692776
1098,708.2634768884789,668.0113901179141,95.89064606735356
1099,713.9528395696817,665.0888991090221,96.96565867980127
1100,716.7809664301888,659.2647972158434,99.05381306895151
1101,716.5843253393715,652.6314203315293,100.3749024117491
1102,715.6133768625295,645.9298445259442,101.45238321433871
1103,714.0815011877321,639.4204460216789,102.89989340359564
1104,711.9527013215869,633.5768731606901,105.17069769235755
1105,711.3046148163487,626.9564574312365,106.85831278318992
1106,709.6564,620.2688,106.9824
1107,665.5972703565275,920.3488333350624,63.61170144923242
1108,667.5360182426323,914.3901932577828,61.84217680121079
1109,670.6650659919422,908.5683171598893,60.624631727686015
1110,673.8786400092679,902.6028607689674,59.289500591478685
1111,676.2882405448686,896.560622151,56.883609324739076
1112,675.4593278634017,891.2207077660373,53.701092307045876
1113,671.241141145327,886.3057189986218,51.261350007786426
1114,665.5471883351379,882.7717218173337,50.46051656732178
1115,659.3690289641244,880.2989161290421,49.12592504002205
1116,654.9033067226252,875.9413961731351,46.42924857111456
1117,649.414963302288,872.6942778430189,43.60955374576121
1118,646.1793790794534,867.5361507967564,40.62309063881367
1119,644.5990860013527,861.3328011969819,38.20617167871755
1120,644.0893162665002,855.1593324580427,36.21616632877276
1121,644.0513996821873,849.6262126897527,32.721747932229334
1122,645.625077575766,844.1271770640475,30.376720095879016
1123,647.2431828145681,838.1842030657317,28.44874945922443
1124,645.226256471847,832.0390212889396,25.994719457063415
1125,641.7265978038865,826.1421151383133,25.073186767428094
1126,638.3410751628869,820.2101463224701,23.865253314258315
1127,634.1809851023631,814.8527703698778,23.27134025675409
1128,629.9782403889319,809.5684957575352,22.537189771516434
1129,628.2830292581165,803.519982649488,21.097271947193626
1130,626.596134253147,797.8584002028691,18.40416894834522
1131,622.948,797.7901,17.3916
1132,652.6806,911.6101,68.8778
1133,652.3981847040197,905.0388045666353,68.01348982666597
1134,653.0309422162624,898.1483602950732,68.68314604770067
1135,652.1270801103205,891.3432218037055,68.79696372379338
1136,650.851294543368,884.8783946828017,69.52596439645008
1137,648.9156649373898,878.3331506056069,70.77184226745851
1138,648.3285000191192,871.5473522450213,71.82676437394974
1139,647.8911184467773,864.6216805530166,72.16102197628429
1140,647.1324468937732,858.0874660537855,72.74704645486361
1141,644.3256536039537,851.7994702653068,73.14297684569843
1142,640.2027154229775,846.53762883308,72.6605139654766
1143,636.272872685163,841.0131552559767,72.9597081797418
1144,633.3094990921745,834.7838459212576,72.17202898655498
1145,631.1964061398112,828.2579090974716,72.13194379867818
1146,628.8240537965828,821.8598272293108,72.2467633709481
1147,625.7862340998207,815.8025626512284,72.80959274548512
1148,624.8038592649499,809.0411846261297,74.37462622903034
1149,622.6685003998076,802.6628990262178,76.22047390938607
1150,622.8903366910013,796.5199477819365,78.83410326372301
1151,618.786431875262,792.4119158583868,80.94124176371302
1152,613.9172038499173,787.7908026982649,82.39737471499133
1153,610.7271103027532,782.3435831686186,83.03982351224339
1154,612.3815200119878,775.4960712022275,83.06865764950251
1155,614.8307276685732,768.9554064538847,83.36491379937446
1156,615.7630944571381,762.6798150578863,85.1613592115378
1157,614.2939146559722,755.9636349507302,86.42272876384003
1158,611.7307070505364,749.6360796186799,87.73243260969699
1159,610.7474925799812,742.854137038625,88.42354455464888
1160,609.8943304856712,736.4853964320753,90.35330460855162
1161,607.7817168796328,730.3464056372891,91.91189780046699
1162,606.6997416516614,724.0920442900142,93.6696963831683
1163,604.189793877664,718.2996651351042,94.5572815843464
1164,603.0090478826501,711.724958702879,94.59229422068823
1165,601.3871319497672,705.0588177740351,94.56786425271943
1166,597.0126309508173,699.6725590104323,94.29899073364243
1167,591.7823689222785,695.1085888080718,93.60068069744406
1168,585.8226555002502,691.703633030968,94.20850866436348
1169,581.3008665867582,686.4776023065016,94.6735289041196
1170,578.8768060355404,680.071688410439,95.18930949986519
1171,574.4362297139586,675.5078890752305,97.31593701953769
1172,571.4020169604979,669.9344177567493,98.29901237865575
1173,573.0628610850295,663.3239215534431,98.20930039471055
1174,569.2304,658.4647,97.9734
1175,646.4184121061202,905.5825267945813,70.22251352883771
1176,640.6427445822586,899.3281541698892,71.37684173074038
1177,633.9515357628612,893.8940816269883,72.74021467672804
1178,627.7089204779276,888.4303574474138,74.54099156824206
1179,620.8866,883.4323,75.7442
1180,616.3441568094362,878.6162607453517,77.27264330288388
1181,611.4712977218201,874.6024229274026,78.61400472097621
1182,607.1686065815635,869.4294371312476,79.34106677082221
1183,603.0617299219049,864.1705656184948,80.52492354460269
1184,598.8872338915754,859.1394886557285,81.08131893402576
1185,595.9988536259289,853.2729668357636,81.08497386638416
1186,592.286022953716,847.6756523556113,81.09992027864239
1187,587.9061980519408,842.5442675452606,81.21042539357185
1188,584.4817034469513,836.7509491808636,81.96249758516045
1189,580.7875232269876,831.2693687671693,82.46809616714498
1190,577.7936189928448,825.7431206702589,83.56567003700711
1191,574.769692712557,819.8659680414546,84.43091399852685
1192,571.4617802328571,813.9388259008919,84.46084381001121
1193,568.1638830154232,808.1322590492957,84.45976749842866
1194,565.8675260148275,801.8025824076034,84.45937495597755
1195,562.3849700621923,795.9655083181544,84.45721455427689
1196,559.310878799639,789.9064142562837,84.44159554633245
1197,555.9060496220992,784.0449904848176,84.32385326487734
1198,551.7861191633174,778.7156622413635,83.965677932786
1199,546.8586727783584,774.1464677534735,83.95453075549842
1200,541.7252666441188,769.8788741575072,84.0013524841721
1201,536.9193866553843,765.1070229229122,84.35904134631582
1202,532.0272187803517,761.226785516146,86.0134620380223
1203,527.6353983940556,756.0910565915393,86.24995640677848
1204,522.4497482414919,751.7253616848432,86.48736062440015
1205,517.7854257334881,747.1582373982219,88.02368777034158
1206,512.6446908789808,742.8996633983614,88.56060200770018
1207,508.1082031171576,738.1844660429158,89.01715939777752
1208,502.99367821847136,734.054943459707,90.64186297413835
1209,497.52472400693836,730.0457633173628,90.9326020555611
1210,492.6116352364989,725.603154006359,92.14359718945403
1211,488.5718111736635,720.2582231047257,93.02637040355822
1212,484.6665212491198,714.8270782788709,93.04998110277681
1213,480.5424597792701,709.4488277022798,93.26763105222965
1214,476.0247855750024,704.7341615074346,94.81117366906658
1215,471.7777196068875,699.9724704244273,96.82841256139194
1216,467.97235893115715,694.5094343744724,97.56922915084641
1217,463.44362060611087,689.463268670222,97.58311509291067
1218,460.06406475649595,683.6371565000843,97.74774666352695
1219,456.10954421915926,678.33530232363,98.9920762650682
1220,452.4898125362387,672.7693781010666,99.88342072832778
1221,449.8915197581099,666.4631453600205,100.13479240336785
1222,445.96648108563375,661.4140182627625,101.81456658493826
1223,442.7367476265641,655.9748316229197,103.17590545794367
1224,439.2607672420264,650.5287094288499,104.59475472664043
1225,436.56772252940885,644.5421074517548,106.00919804308916
1226,433.15633763290623,638.8049942093666,106.80299904707091
1227,429.5726620846566,633.2732077355834,107.91759447737483
1228,426.8392096244107,627.3177831591354,108.8954843883625
1229,423.90413725914823,621.2167805570012,108.87104875649835
1230,422.22055092504866,614.7351693393845,108.61803832533217
1231,419.8094578710662,608.4211940531045,108.61445429536484
1232,417.3908177936642,602.1482241547747,108.90739384905329
1233,414.6437513824444,595.9333265824201,108.94269450246576
1234,411.1084771072884,590.1693274086587,109.21647559222319
1235,408.71199313230335,584.0766449439574,110.85423422539641
1236,406.19711736505,577.9189345620605,111.55178640270228
1237,402.5620495913675,572.4457883047306,113.16158480232369
1238,398.71014972095054,566.970880321138,113.44218581322419
1239,394.4816108483634,561.8397072991156,113.44109303587665
1240,390.87584684690717,556.1750884953047,113.4413252378965
1241,385.52294225875465,552.195388130539,113.44214029759527
1242,382.98880308389266,545.9661559600756,113.44722095349105
1243,379.02731292365513,540.4432445123626,113.4878286557185
1244,374.9129316789659,535.048252361957,113.80578663808919
1245,370.9934025835816,529.9417765679198,115.44835282874259
1246,367.2678519158236,524.2947103763478,115.71459293302156
1247,363.83452440629884,518.6042930531185,115.714171111519
1248,357.9245370863797,515.2485110545744,115.72702429778725
1249,352.52734241063797,511.21431551633685,115.86009575328073
1250,347.5600488275728,507.03815349868734,116.92213809430086
1251,343.39356493037235,502.0600608617706,117.97373080903431
1252,339.28097820316475,496.7097916751454,118.04505942794052
1253,335.3249126359908,491.25456558478027,118.45982514731921
1254,331.07877306094775,486.3626192276603,120.15172826386618
1255,327.2884874703253,480.9002702961799,120.79829309551965
1256,326.06384843423245,474.483224955515,122.62622126088995
1257,322.6237266395112,469.2636235976599,124.19318912875647
1258,319.6362487154268,463.2836106735165,124.78077674632758
1259,315.1023520831737,458.2037090475032,124.78943837410432
1260,312.9553658732053,451.86233651700394,124.82755764669542
1261,308.5100715050519,447.0423877366916,125.11853098166385
1262,304.1653298676223,442.1937991268722,126.76377875393469
1263,299.9134135896534,437.03566544894085,127.05475432342843
1264,294.528120427143,433.0341448875752,127.05123884130073
1265,289.5553594062633,428.4893432873514,127.03772887115413
1266,284.20210160843476,424.404416165246,126.94016722646566
1267,279.70549107409954,419.4717225818846,126.19634032627133
1268,276.3348141618613,413.77125323955,125.06938641973649
1269,272.5456633953923,408.4451025046561,126.5147863553798
1270,266.5973435240997,405.37150163870285,127.139421712276
1271,262.1613329060869,400.59462262141204,127.67198514507133
1272,258.46169948299524,395.30021287314133,129.191776842699
1273,253.72122526444326,390.75711078942436,129.3225166303792
1274,249.2368448258908,385.83912604283626,129.32992719533695
1275,246.3080193948394,379.83407161623416,129.37753396529882
1276,242.94448801678516,374.2061714635233,129.72764065923764
1277,239.51446711053472,368.7522588342019,130.0649910431299
1278,237.00257505223328,362.81212744269504,131.0802893500958
1279,232.66033659270767,357.76794174504414,131.60254894583434
1280,229.36879509595119,351.8713490764298,131.59164503734647
1281,225.9225239318101,346.404982392152,131.59180036951332
1282,222.5489292708824,341.47670502178687,131.59191597437433
1283,218.65669540722217,336.3068637639413,131.59189947411056
1284,213.785222659989,331.56597683994255,131.59233720159355
1285,209.06915415876523,326.69884746681385,131.595664787905
1286,204.39662288122608,321.7650785694065,131.61993179603354
1287,200.8032108571517,316.00975124137705,131.80208810927434
1288,197.73862495511733,310.45621775026905,133.09895043935225
1289,193.8312818883789,305.1451929641136,133.8608297788923
1290,190.35879458357144,299.4127971801859,133.86258927945346
1291,185.21810915578922,295.21800571933744,133.86519771944765
1292,181.825089022917,289.4558120060809,133.89074747312878
1293,178.57666598873277,283.54343840891363,134.0760326530439
1294,174.93210562996515,278.01664125834276,135.37809694364688
1295,171.79490106352802,272.127125413856,136.1831141095672
1296,172.2449426829463,265.6174635336087,136.50944773511975
1297,170.6951409290127,260.4904808233337,138.14758308159227
1298,164.45034054220187,258.62753793277733,138.39359028240787
1299,159.39711962089737,254.2287636323205,138.41673952118114
1300,156.33876457487344,248.21902467837126,138.55263872788748
1301,151.94037725141203,243.48347842126807,139.60164437136922
1302,147.6734491663584,238.59883363920156,140.6648601873081
1303,145.37173341686437,232.33160336495843,140.6671203187171
1304,142.5973086914013,226.25542438810962,140.66709433433547
1305,140.1459031155073,219.9302554558049,140.66849859053855
1306,137.00264296077577,213.95144180160506,140.68079174845317
1307,135.07631497082636,207.52572245886006,140.77629377338857
1308,132.8449911916228,201.24382818244086,141.45566198790493
1309,130.7170173449506,195.08027495201364,142.8830415915063
1310,127.80702102138915,189.09549935543245,142.935616043039
1311,124.3364677114127,183.44063717617715,142.94654487745225
1312,121.38604018339252,177.48840666828502,143.01861282783042
1313,118.05927116805599,171.73907099044473,143.57694327798777
1314,114.5018,166.7048,145.2046
1315,614.3824009840481,880.788577946048,74.95418640384611
1316,607.5935895946843,879.2427428034896,73.75339410560119
1317,600.7264943749586,879.3029181438064,71.9725477797405
1318,593.8798855034948,880.5690138240057,70.54510281876884
1319,587.1571701629533,880.0749628322437,68.61287447663739
1320,581.1137356470942,881.6512752910371,66.48802971378106
1321,574.5753219132218,883.0014121557941,64.08875185443802
1322,569.8209549935261,881.3094749080053,61.09136561867711
1323,564.9293040379453,879.7565786160121,57.69242707738179
1324,560.049826080988,877.0391636338379,55.11554262080819
1325,554.1795638940293,875.4323889219681,52.861324225011366
1326,549.3192242968616,873.2537569074175,49.79549821996925
1327,544.93305623074,871.9953261705213,47.12393225703915
1328,540.0158268663075,874.7133948903792,44.65648799730205
1329,534.313071232304,875.4706232180281,41.736043242604566
1330,527.9385252072192,875.4553996601146,39.148086088196486
1331,523.0617433188452,873.6147586899341,35.156578366169946
1332,517.0415168026113,875.1607586405324,32.468779312448994
1333,511.5143137698986,876.1128792394768,30.71412622271659
1334,505.2886575431006,878.7322099336097,28.990440779339014
1335,499.2407389890545,881.7545833808767,28.065226361715755
1336,495.0011303511203,886.8459483300821,27.775846339667552
1337,496.0987754817692,893.7083433700794,27.206163984523343
1338,495.73843182346803,900.2674880077712,27.644100980280907
1339,495.02783814456575,907.1206499900824,28.794095598110204
1340,495.57666751971533,914.0385885581774,28.558602100167995
1341,500.3534190501968,918.8187104687428,28.502679827897992
1342,505.56117963568425,923.2108440525817,27.642063507645602
1343,508.60491072727916,928.9788520588584,25.656992422930916
1344,510.1474,934.791,22.528
1345,513.5347,936.5642,21.3186
1346,509.2436,936.5573,23.6488
1347,830.4872939840003,1130.5122269845956,31.777625018043867
1348,829.8505857585407,1123.7722577941665,32.6034890831625
1349,826.6915907324118,1117.8187235861976,32.9432201377028
1350,824.6855393513528,1111.3788928929946,33.240366071782866
1351,821.715525217528,1105.5663481760337,33.05475518959798
1352,817.9014782568205,1100.0226835026147,32.209154113552984
1353,813.7474848019085,1094.9849294511166,31.453472171590825
1354,808.6333745306636,1090.449594841906,31.421936183694203
1355,804.239116715505,1085.4564427791863,30.68195786466637
1356,800.5423593829989,1079.8751357929702,29.736618039699593
1357,798.0654179705036,1073.8348369767596,28.322481238984295
1358,794.7322239340454,1067.950648525581,27.346799331292363
1359,793.0198546985457,1061.350347009877,27.801801233474517
1360,790.4471800399317,1055.1024569265492,27.8303068215102
1361,788.8395520704381,1048.5165952946957,27.3750939387524
1362,787.0620864632386,1041.9517225999189,27.179610509514124
1363,783.2391842533007,1036.4408368489212,27.15483427887606
1364,780.6265584035904,1030.4260779913718,27.03812036134617
1365,779.4417885701331,1023.7621250813102,27.098680478911433
1366,776.7573774980458,1017.7323285899791,27.558658546390905
1367,775.6380355611408,1011.0974056335724,27.653861133363076
1368,774.1533464790685,1004.554798539957,26.898296740479722
1369,772.5325639509499,998.052468169917,26.133623608638885
1370,772.0214876943928,991.239579005076,25.830804102125235
1371,771.0716640028031,984.4516825157586,25.808854895504144
1372,771.7793364885429,977.7803082941053,26.83662252711782
1373,771.3341744556918,971.0678994502351,28.033367952120894
1374,771.8829938850174,964.2870801283939,28.057959730328626
1375,772.3290579420257,957.5690491438548,27.48649880962372
1376,770.6616055379083,951.0533404051569,27.821465281958087
1377,769.0662786776378,944.9111362075234,28.288021135157035
1378,766.1445801603326,939.6231062787857,30.25794357596181
1379,763.3979837317289,934.5178260108141,33.35725548018716
1380,759.3547162006633,929.1402565421719,33.8471295586088
1381,756.492084470877,922.9952697860298,33.91434088404073
1382,754.6748762721905,916.5867099696142,34.65252200116292
1383,753.9860027495658,909.8552656840584,34.1248215366219
1384,752.2395238474461,903.3397661785749,34.14697900892917
1385,751.0659532052263,896.8716564328071,34.0247469253737
1386,747.1242783418196,891.4821985148361,32.88592303687713
1387,743.1375797898132,886.2473365463861,33.40684848337815
1388,738.9958271449996,881.2359029956316,33.75345414642838
1389,738.1427930732606,874.4622307458135,33.54964109615775
1390,734.4611968779226,870.19193045165,31.858128020123992
1391,728.6681873984385,867.5738608193067,33.589974321548496
1392,723.547276086794,863.1554737663009,33.103029582197735
1393,720.0967943717574,857.3623438161583,33.12149849324224
1394,714.6777260444655,854.9984163637097,35.4592420140129
1395,709.7725915877968,856.2670998037314,39.35034949677965
1396,704.9406364675948,852.2089677304997,41.49163576929364
1397,700.0932913890887,847.4184284491703,41.75474036731302
1398,694.7374461873437,843.1524058371315,41.95177030882419
1399,691.3988041298517,837.2157563871639,41.944091214196185
1400,693.7163840566959,831.3189174997901,43.44845357407149
1401,695.9706374456596,825.0436973931315,44.10406320527291
1402,697.3362403087358,818.4815077136725,44.53869697437439
1403,703.9135,817.5996,44.8815
1404,833.2771291638579,1128.930365454885,29.536501351819304
1405,835.5563407241544,1122.8608674494758,28.97289562705303
1406,837.3466778237336,1116.4461028243354,28.25229147602566
1407,839.6153260928189,1110.063373939554,27.73531476290851
1408,841.3541520181667,1103.6131844424938,26.394154798281743
1409,842.5023822783306,1096.8759804668223,25.9018410123023
1410,845.2240503016678,1090.804457874471,25.90557411528031
1411,847.4511490136117,1084.4383075087394,25.936654523085686
1412,846.9897406124634,1077.6609696152825,26.247870173997068
1413,848.1935651358315,1071.0253582547955,26.11683531696989
1414,849.1677512445355,1064.55284753603,25.587184084310337
1415,850.5222502880802,1058.0034373397702,25.28357726043574
1416,850.7362863469041,1051.947165708555,25.529160071301753
1417,851.3291331638933,1045.0919685332622,25.781703103808233
1418,851.8897981285932,1038.3182794958373,25.782440118244953
1419,853.2271894357442,1031.7395059352286,25.928618240888305
1420,854.4758735221126,1025.2008724321965,26.568918428449038
1421,855.0054404141624,1018.6138344067642,27.120593150296614
1422,856.6108323129902,1012.1823320043843,26.817373277772653
1423,859.450473649606,1006.4852709743406,25.68691542527147
1424,861.3391032562224,1000.2690438891052,24.79077136897648
1425,864.5776605764955,994.5225388223382,24.1434354737438
1426,866.6019240529148,988.3238113166869,23.453003702206278
1427,869.2594465649706,982.2209338466379,22.90794901006574
1428,871.5389546450853,975.7983315687746,23.074192707320677
1429,873.655137833472,969.3056790529089,23.580485791187684
1430,875.2328870661438,962.9590745262707,25.163121144933665
1431,875.3547979996016,956.2673641748519,25.576304586163413
1432,875.688424578041,949.6853637567615,25.84747306956781
1433,875.9214493441027,942.785425191452,26.105441215972743
1434,872.0938777076159,937.193506976964,26.440831126630087
1435,868.0254507889842,931.9688895173721,26.977800385498913
1436,862.5605443740615,927.9235333229353,26.9656259742483
1437,856.5245521495118,925.6288930338205,26.13340481805214
1438,850.2709564553953,927.0079500541966,24.09358846167058
1439,845.0011198103339,924.8844994265163,22.976968161002905
1440,838.6414504544007,926.5385835168867,22.47139037643471
1441,834.1003853159198,924.0368406805377,20.079550226010753
1442,830.7486817219035,919.1282994888124,17.648137640297843
1443,825.5719907834664,915.7313156047211,17.230199652212757
1444,822.9412395265099,910.6455245753318,18.950178890913463
1445,818.1386595145755,908.3660145101042,20.702200639695548
1446,814.5519437433929,903.6496309398304,23.285571267397973
1447,809.3313069592848,904.066553331911,26.795799608427906
1448,803.269068490064,901.3779419685906,27.791889794591196
1449,798.6070043330602,901.0424119711768,28.576142059504075
1450,791.9443792529141,902.1771261727747,29.530628714128543
1451,785.9729190138356,904.42051330901,31.197044789348276
1452,782.2269841258961,909.3049039516658,34.03999999565774
1453,780.1298846117861,913.888881393279,36.298778130322646
1454,777.7942232835754,917.0828965492984,38.889140970948375
1455,771.1719807202721,916.6246366183763,40.370690038730935
1456,765.2087040988117,915.8054318529787,41.485967771707344
1457,770.9556500934024,912.5771043698451,42.524140879319596
1458,774.7168110638007,907.3525633114581,44.470855325439395
1459,779.6872846682788,903.622279525739,46.151222967483534
1460,785.8310100887659,901.0645223251508,47.176674437439914
1461,791.2107575233022,897.729159398623,48.30055730971022
1462,794.7182107616861,892.5093216069661,50.44893527879722
1463,799.4713812528689,888.1782243844422,52.5551894643464
1464,804.9285855403901,884.8013759248142,53.832801296287556
1465,809.9367028088967,880.7278763500183,55.980039992511294
1466,814.8863825446125,876.584018536703,57.80040772594959
1467,820.6185409295964,873.6902678433403,59.404316341602666
1468,825.6950552653857,869.6409419888987,60.777428791087246
1469,830.586158251579,865.0882663256473,61.3346275423894
1470,835.3185334045751,860.6773365976687,62.6070806745756
1471,834.548,853.996,63.28
1472,834.0761370357849,1154.859375544397,34.394070663455324
1473,830.9694331774657,1159.8947999405973,36.96808555924944
1474,826.0005584027522,1163.8880532026012,39.07305220003751
1475,820.2250726424295,1167.1756230447334,41.17365193162671
1476,816.5367028745525,1172.4336623165734,42.8843660999093
1477,815.1149091624362,1178.5038955244008,46.12140281605604
1478,817.7631882191664,1184.5186807409405,48.422327647616115
1479,817.788363698929,1190.857035876547,50.98909169503062
1480,817.8483746674376,1196.2798146860503,54.67595488552084
1481,815.6128545191636,1202.3666514740291,57.37933425319608
1482,813.2295752806714,1206.06000100931,60.63031650588939
1483,809.0906348756472,1209.834247582152,63.99421269074152
1484,805.6414654582801,1213.2297361700057,67.11458626049331
1485,801.406082382762,1218.3997320416988,69.68931703903135
1486,800.8854321033133,1225.0599670602983,71.88289695835148
1487,797.1427036448104,1230.471566057942,74.57427325045403
1488,792.6953872473423,1235.7224265610091,76.47111732097532
1489,787.3071641805496,1239.8329745188544,78.31372449603214
1490,784.8398079511461,1246.218298621549,80.3807214332006
1491,779.7876889654322,1250.6583935465387,81.4740476465667
1492,774.1332083976981,1254.965418446874,82.30715644979058
1493,767.2387432417228,1255.1517347038155,83.48276329451218
1494,761.7645084051745,1253.9536550734092,85.93489267203388
1495,756.3605614886952,1249.6231575548788,87.30857249870094
1496,753.2157485778718,1243.6460512059512,88.47925435717245
1497,757.9806324448427,1238.7095716895565,88.48380222743982
1498,758.4661754577331,1231.631328858046,88.48400922903454
1499,755.7241,1225.3613,88.4842
1500,832.1753069065397,1148.2424946451772,34.61113295284915
1501,826.1554129329952,1148.873473865783,37.611042081383985
1502,821.4654941500114,1150.323365329492,40.74367820727465
1503,819.6920969456518,1150.845481614509,45.171069355929724
1504,819.9962767070297,1150.7644370532378,49.80549000950838
1505,817.1849470441075,1153.0337785693343,54.17680290676428
1506,812.47580641006,1155.5003724654705,58.06252156701609
1507,810.4918578572326,1158.2681775028059,62.650952530592726
1508,809.0595041241525,1159.46889491172,68.19607466339998
1509,804.7985869843174,1162.3215320872778,72.88731359269403
1510,800.5147065295236,1164.2581505138803,78.14495524542482
1511,797.7939172506725,1165.373931995361,84.7407158949378
1512,794.7865154471613,1163.652530811896,90.80313410931049
1513,790.0127908708359,1166.4464546311535,95.17795090894303
1514,786.9244086863366,1172.8348300801067,95.85972186097806
1515,782.3444722770472,1177.2554237994339,97.05720706898693
1516,775.5972902322683,1177.9661573185358,97.06329771607307
1517,768.6737826640897,1178.2430103738138,98.08419331247691
1518,768.120173234113,1172.0054744032095,101.39823400895227
1519,767.7762361388275,1165.1261354813605,102.86964678999118
1520,771.1171405755499,1159.053225490101,104.84922713003603
1521,768.512916179848,1152.680241665244,105.75415414590552
1522,765.3657,1147.0888,106.9824
